-0.97181,0.29174,0.046186
0.77247,0.87501,-0.18901
0.21764,0.58518,-0.80639
0.96113,0.83335,-0.027461
-0.50612,0.049858,0.98355
-0.98217,0.75193,0.01352
0.96113,0.0001,-0.12876
-0.33333,0.58518,0.70922
1,0.3334,0.013507
-0.2122,0.3334,0.98903
0.24576,0.3334,-0.96713
-0.97965,0.95834,0.0095028
-0.53781,0.70836,0.43689
-0.035539,0.41673,0.95885
0.28959,0.35256,-0.94844
-0.53781,0.041763,0.97113
0.16667,0.58337,-0.85013
-0.72062,0.12509,0.59831
0.62984,0.24179,-0.63137
-0.98217,0.13976,0.046735
-0.92882,0.97209,0.052554
-0.98217,0.87501,0.011529
-0.5,0.75193,0.46602
0.21764,0.37506,-0.96107
0.17673,0.83335,-0.69607
0.25,0.41673,-0.90549
0.28959,0.12509,-0.95806
-0.80911,0.79169,0.18007
0.28959,0.83571,-0.60536
-0.5,0.25007,0.79965
-0.98217,0.6667,0.01439
-0.33333,0.41673,0.83746
-0.5,0.41673,0.6601
-0.75,0.083425,0.59089
-0.51165,0.54171,0.55832
-0.41667,0.12509,0.99562
-0.083333,0.50005,0.96567
-0.25,0.59342,0.78449
0.33333,0.24179,-0.97155
1,0.75003,0.012262
0.44998,0.75003,-0.50461
0.41667,0.65046,-0.5902
0.41667,0.87987,-0.47958
0.083333,0.0001,-0.26319
-0.66667,0.41673,0.43627
-0.50612,0.58518,0.53668
-1,0.25007,0.0013597
0.054868,0.75193,-0.82936
-0.083333,0.91668,0.71328
-0.25,0.6014,0.76869
-0.97181,0.43337,0.034536
0.62984,0.29174,-0.58996
-0.97965,0.80647,0.033775
-0.80911,0.29174,0.31155
0,0.1405,-0.0038138
-0.16667,0.54171,0.88906
0.25,0.0001,-0.7001
0.5,0.041763,-0.98634
0.054868,0.62504,-0.9075
-0.58333,0.32147,0.62698
-0.83333,0.50005,0.19381
0.66667,0.58337,-0.3701
-0.91667,0.43337,0.11668
-0.97965,0.1405,0.043103
0.44998,0.24179,-0.86916
-0.66667,0.75003,0.31299
0.16667,0.20841,-0.89002
0.91595,0.79169,-0.074433
0.83333,1,-0.12864
-0.14208,0.37506,0.97925
0.77247,0.87987,-0.18691
-0.91667,0.58518,0.087046
0.62984,0.12509,-0.76151
-0.80911,0.083425,0.45222
0.41667,0.6667,-0.58156
0.16667,0.13976,-0.74542
-0.53781,0.6667,0.47125
0.16667,0.50005,-0.92201
-0.13313,0.8354,0.72687
0.17673,0.45839,-0.9329
0.77247,0.50005,-0.26982
0.16667,0.12509,-0.70993
0.16667,0.24179,-0.94039
0.62984,0.1405,-0.73934
0.083333,0.54589,-0.93513
0.96113,0.62504,-0.037929
-0.72062,0.54589,0.32852
-0.50612,0.59342,0.53721
-0.83333,0.58337,0.19772
0.58333,0.6667,-0.43295
0.41667,0.43337,-0.73639
-0.83333,0.75193,0.15323
-0.33333,0.083425,0.95225
0.25,0.083425,-0.84524
0.16667,0.54589,-0.87535
0.77247,0.54589,-0.26115
0.79282,0.91668,-0.16161
-0.50612,0.35256,0.70745
-0.97965,0.83335,0.015943
0.5,0.16675,-0.89197
-0.5,0.50005,0.58505
0.77247,0.29174,-0.36897
0.25,0.43337,-0.90222
0.17673,0.37506,-0.98148
0.91595,0.83335,-0.074133
0.21483,0.83571,-0.66553
0.41667,0.54171,-0.66074
0.66667,0.54589,-0.38326
0.28959,0.041763,-0.85161
0.96113,0.1405,-0.089708
1,0.66768,0.0020568
0.33333,0.16675,-0.9956
0.66667,1,-0.25321
-0.80911,0.16675,0.39115
-0.50612,0.75003,0.46937
-0.33333,0.20841,0.99146
0.17673,0.20841,-0.89949
0.58333,0.03146,-0.93693
-0.53781,0.58518,0.50244
-0.80911,0.8354,0.1683
-0.97965,0.62504,0.018299
-0.92882,0.64803,0.064759
-0.14208,0.083425,0.55879
0.96113,0.85737,-0.037096
0,0.66768,0.002299
-0.5,0.43337,0.6349
0.24576,0.43337,-0.90886
-0.97181,0.24179,0.041993
0.66667,0.75193,-0.30757
0,0.37506,0.011413
0.16667,0.25007,-0.94267
0.28959,0.75193,-0.6421
0.21483,0.45839,-0.90716
1,0.83571,0.0013436
0.66667,0.6014,-0.34487
-0.66667,0.095377,0.72965
-0.72062,1,0.2102
0.21483,0.87987,-0.64285
0.75,0.87987,-0.20365
-0.035539,0.8354,0.79876
0.24576,0.25007,-0.99374
0.62984,0.54171,-0.41977
1,0.08437,-0.0058726
-1,0.41673,0.00069733
-0.083333,0.54171,0.94588
0.44998,0.87501,-0.44598
-0.53781,0.20841,0.80083
0.28959,0.80647,-0.61599
0.28959,0.37506,-0.91733
0.25,0.64803,-0.75052
0.75,0.65046,-0.25305
-1,0.29174,-0.0040886
-0.2122,0.35256,0.97393
0.16667,0.87501,-0.68321
0.28959,0.25007,-0.98529
-0.13313,0.58337,0.88511
0.79282,0.03146,-0.55021
-0.33333,0.3334,0.91536
-0.13313,0.43337,0.9802
0.083333,0.083425,-0.33706
0.33333,0.85737,-0.56323
-0.083333,0.35256,0.96037
0.17673,0.35256,-0.99226
0.44998,0.35256,-0.77499
-0.25,0.3334,0.98464
0,0.095377,0.0018608
0.21483,0.85737,-0.65401
-0.83333,0.59342,0.18206
0.28959,0.87501,-0.58273
-0.2122,0.91668,0.61116
-0.035539,0.54171,0.96486
-0.58333,0.80647,0.37019
-0.33333,0.54171,0.73804
0.79282,0.041763,-0.55638
0.17673,0.08437,-0.66884
-0.41667,0.049858,0.9919
0.25,0.75003,-0.67898
0.96113,0.43337,-0.061383
0.66667,0.3334,-0.49701
-0.75,0.95834,0.20406
1,0.12509,-0.0093004
-0.50612,0.08437,0.96294
-0.25,0.58337,0.79387
-0.72062,0.95834,0.22019
0.62984,0.35256,-0.5325
-0.97181,0.87501,0.020799
-0.035539,0.95834,0.72923
0.21764,0.095377,-0.80031
0.77247,0.0001,-0.65602
-0.51165,0.45839,0.60472
-0.66667,0.64803,0.33794
0.083333,0.43337,-0.97774
0.91595,0.3334,-0.12915
-0.16667,0.45839,0.94632
0,0.041763,0.0021915
0.21764,0.94317,-0.61295
0.24576,0.6014,-0.78821
-0.41667,0.6014,0.60733
-0.83333,0.41673,0.22693
0.21764,0.8354,-0.66098
0.24576,0.94317,-0.58171
-0.5,0.97209,0.38192
0.83333,0.58518,-0.19139
-0.2122,0.97209,0.59878
-0.72062,0.66768,0.28787
-1,0.62504,0.0015499
-0.66667,0.049858,0.7949
-0.66667,0.91668,0.26604
-0.083333,0.80647,0.7865
0.41667,0.75003,-0.53034
0.21483,0.35256,-0.97668
-0.16667,0.66768,0.79208
-0.50612,0.70836,0.46831
0.17673,0.87501,-0.66854
-0.16667,0.79169,0.71707
-0.97965,0.083425,0.048307
0.25,0.83335,-0.63532
0.77247,0.20841,-0.42638
-0.13313,0.16675,0.69787
0.83333,0.87501,-0.14059
-0.80911,0.03146,0.5175
0.17673,0.59342,-0.84997
0.25,0.6667,-0.72554
0.083333,0.41673,-0.99156
0.054868,0.64803,-0.89245
0.62984,0.64803,-0.3809
-0.083333,0.1405,0.43356
0.83333,0.83335,-0.13672
0.21764,0.6667,-0.7563
0.28959,0.41673,-0.87902
0.75,0.58337,-0.28014
-0.035539,0.16675,0.22224
0.62984,0.83571,-0.31616
-0.53781,0.13976,0.87828
0.5,0.87501,-0.41431
0.79282,0.8354,-0.18182
-0.53781,0.049858,0.96441
-0.92882,0.6667,0.076003
-0.75,0.20841,0.45981
-0.083333,0.54589,0.95074
-0.51165,0.1405,0.90122
0.25,0.25007,-0.98684
1,0.64803,0.0056545
0.5,0.85737,-0.4203
-0.14208,0.41673,0.97666
0.21764,0.16675,-0.90609
-0.16667,0.95834,0.6269
-0.41667,0.083425,0.99758
-0.51165,0.03146,0.99041
-0.035539,0.37506,0.90238
0.24576,0.83335,-0.64315
-0.98217,0.37506,0.017415
-0.83333,0.8354,0.12862
-0.75,0.54171,0.29161
-0.51165,0.12509,0.92511
-0.33333,0.80647,0.57745
0.33333,0.97209,-0.49531
0.44998,0.12509,-0.97511
0.62984,0.87501,-0.31582
-1,0.87501,-0.00085072
0.75,0.85737,-0.21115
0,0.62504,0.0039845
-0.72062,0.041763,0.70673
0.21483,0.91668,-0.62573
0.21764,0.59342,-0.81638
1,0.87987,-0.0034259
0.28959,0.13976,-0.97544
0.21764,0.50005,-0.87103
0.21764,0.41673,-0.93565
-0.50612,0.083425,0.9503
-0.97965,0.65046,0.023099
-0.98217,0.58337,0.014342
0.41667,0.87501,-0.47415
0.24576,0.80647,-0.65163
0.41667,0.12509,-0.98695
-0.72062,0.25007,0.47404
-0.16667,0.75193,0.74985
1,0.75193,0.00037899
-0.50612,0.62504,0.51462
0.66667,0.8354,-0.28903
0.96113,0.79169,-0.031191
-0.58333,0.41673,0.53671
0.5,0.20841,-0.84528
-0.083333,0.041763,0.30176
-0.33333,0.54589,0.73371
0.054868,0.91668,-0.73524
-0.75,0.79169,0.22071
0.91667,0.35256,-0.12274
-0.14208,0.041763,0.48435
0.75,0.16675,-0.49199
-0.91667,0.75193,0.08042
0.16667,0.66768,-0.79191
0.62984,0.80647,-0.32687
-0.98217,0.58518,0.019342
0.91595,0.35256,-0.12298
-0.92882,0.1405,0.16284
0.91667,0.16675,-0.18481
0.62984,0.65046,-0.38776
0.28959,0.43337,-0.85601
-0.13313,0.095377,0.55889
-0.98217,0.94317,0.012911
-0.083333,0.03146,0.29358
0.79282,0.45839,-0.25208
-0.50612,0.95834,0.38461
-0.51165,0.35256,0.68834
0,0.03146,-0.0027865
-0.72062,0.3334,0.41935
-0.91667,0.97209,0.06911
0.58333,0.25007,-0.69127
-0.98217,0.095377,0.05491
0.79282,0.75003,-0.19513
-0.72062,0.0001,0.76493
-0.72062,0.54171,0.32504
0.96113,0.6667,-0.038001
-0.14208,0.58518,0.87836
-0.80911,0.94317,0.13866
0.91667,0.70836,-0.081841
0,0.54171,-0.010707
0.58333,1,-0.31303
-0.14208,0.79169,0.74723
-0.58333,0.45839,0.53044
0,0.29174,0.0043968
0.91667,0.041763,-0.22654
-0.035539,0.75193,0.8517
-0.53781,0.87501,0.38341
-0.41667,0.16675,0.96561
0.21483,0.13976,-0.85891
-0.5,0.95834,0.39454
0.62984,0.095377,-0.79894
-0.035539,0.095377,0.14701
-0.98217,1,9.6702e-05
-0.41667,0.83335,0.48927
-0.13313,0.03146,0.43966
0.66667,0.97209,-0.25447
-0.72062,0.29174,0.44348
0.44998,0.25007,-0.86312
0.17673,0.75003,-0.73767
0,0.95834,-0.0080945
-0.083333,0.32147,0.90432
0.25,0.70836,-0.7083
0.91667,1,-0.067766
-0.72062,0.049858,0.69182
-1,0.083425,0.0045966
-0.97181,0.0001,0.085443
-0.53781,0.43337,0.59898
-0.083333,0.12509,0.40877
-0.97965,0.85737,0.018399
-0.16667,0.35256,0.99398
0.79282,0.66768,-0.19664
-0.98217,0.35256,0.035078
0.24576,0.58518,-0.79779
0.41667,0.83571,-0.49468
-0.083333,0.58337,0.91236
-0.92882,0.24179,0.11484
-0.5,0.64803,0.50071
-0.58333,0.12509,0.81675
0.054868,0.66768,-0.89269
-0.92882,0.41673,0.10444
-0.5,0.58337,0.53919
-0.58333,0.58337,0.47036
-0.66667,0.0001,0.86817
0.083333,0.20841,-0.59572
0.24576,0.29174,-0.987
-0.16667,0.0001,0.49852
-0.5,0.29174,0.75708
0.75,0.70836,-0.24126
0.41667,0.3334,-0.82962
0.41667,0.083425,-1.0023
-0.53781,0.0001,0.98667
-0.58333,0.29174,0.65143
0.58333,0.32147,-0.61532
0.77247,0.54171,-0.25015
-0.66667,0.70836,0.31184
0.33333,0.62504,-0.67909
0.21764,0.03146,-0.68555
0.79282,0.50005,-0.25778
-0.97965,0.03146,0.058721
-0.53781,0.54171,0.52276
0.96113,0.3334,-0.059184
-0.5,0.049858,0.99106
0.91595,0.24179,-0.15483
0.21764,0.79169,-0.68358
-0.97181,0.95834,0.012107
0.44998,0.62504,-0.57126
0.91595,0.03146,-0.23223
0.62984,0.95834,-0.29851
0.5,0.87987,-0.41067
1,0.95834,-0.0078948
-0.80911,0.70836,0.18647
-0.25,0.62504,0.75459
0.054868,0.87501,-0.76271
-0.13313,0.85737,0.70347
-0.14208,0.97209,0.64344
0.75,0.8354,-0.21689
-0.58333,0.54589,0.47391
-0.92882,0.58518,0.077457
-0.97965,0.6014,0.018336
0.91667,0.75193,-0.069918
0.5,0.8354,-0.42953
1,0.83335,-0.0045307
0.17673,0.66768,-0.79607
-0.80911,0.0001,0.56381
-1,0.37506,0.0054247
-1,0.32147,-0.0024792
-0.035539,0.85737,0.78978
-0.97965,0.54589,0.02482
0,0.6014,-0.0032894
-0.75,0.75003,0.22808
-0.66667,0.3334,0.49954
0.44998,0.20841,-0.90328
-0.25,0.0001,0.702
-0.16667,0.3334,0.98464
0.16667,0.97209,-0.62798
0.75,0.45839,-0.31566
-0.58333,0.083425,0.87741
0.21764,0.041763,-0.69421
0.58333,0.91668,-0.33701
-0.97965,0.58518,0.021802
0.91595,0.45839,-0.10065
0.5,0.13976,-0.9198
0.17673,0.83571,-0.70303
-0.92882,0.041763,0.18882
0.75,0.75003,-0.23115
0.054868,0.32147,-0.8274
-0.16667,1,0.63474
-0.2122,0.94317,0.60278
0.41667,0.1405,-0.98274
0.83333,0.32147,-0.25811
0.083333,0.94317,-0.71271
-0.51165,0.87501,0.4114
-0.51165,0.24179,0.80114
-0.58333,0.041763,0.93528
1,0.1405,0.0040147
-0.97965,0.32147,0.011002
0.25,1,-0.56484
-0.50612,0.32147,0.72762
0.77247,0.1405,-0.4851
0.44998,0.32147,-0.79248
-0.5,0.24179,0.81122
-0.91667,0.66768,0.0811
-0.2122,0.041763,0.68584
0.83333,0.37506,-0.23568
-0.083333,0.6014,0.91492
-0.97965,0.59342,0.017054
0.054868,0.45839,-0.98881
0.75,0.79169,-0.2284
0.21764,0.0001,-0.62692
0.28959,0.45839,-0.83437
0.083333,0.6014,-0.90208
0.083333,0.87501,-0.73252
-0.33333,0.0001,0.86763
-0.25,0.95834,0.57177
0.79282,0.95834,-0.15782
0,0.13976,0.010081
0.25,0.79169,-0.65341
0.41667,0.16675,-0.9604
-0.33333,0.12509,0.97767
0.79282,0.24179,-0.36071
-0.5,0.20841,0.84535
0.21483,0.64803,-0.76929
-0.50612,0.12509,0.932
-0.14208,0.80647,0.73051
0.75,0.0001,-0.69815
-0.97965,0.79169,0.012791
-0.51165,0.95834,0.37951
-0.50612,0.75193,0.45691
-0.53781,0.75003,0.43355
1,0.29174,-0.001887
-0.50612,0.54171,0.5543
-0.72062,0.87987,0.24039
0.16667,0.16675,-0.80229
0.91667,0.59342,-0.10232
0,0.41673,0.0018681
0.62984,0.91668,-0.30785
0.17673,0.62504,-0.81565
0.58333,0.79169,-0.36378
-0.53781,0.8354,0.39552
-0.50612,0.94317,0.38271
-0.66667,0.83571,0.29425
-0.51165,0.83571,0.41552
-0.58333,0.65046,0.41963
-0.75,0.32147,0.37724
-0.13313,0.32147,0.96506
-0.33333,0.65046,0.66679
-0.083333,0.95834,0.69519
0.96113,0.29174,-0.058937
-0.14208,0.75193,0.76607
-0.083333,0.0001,0.25768
1,0.65046,-0.010052
-0.66667,0.43337,0.43125
0.66667,0.1405,-0.67728
0.44998,0.095377,-0.99004
-0.50612,0.83571,0.4306
0.5,0.45839,-0.63208
0.054868,0.85737,-0.77197
0.91595,0.64803,-0.086078
0.62984,0.43337,-0.48633
0.33333,0.049858,-0.9271
0.41667,0.08437,-0.98765
-0.53781,0.79169,0.40563
-0.91667,0.54589,0.094097
-0.51165,0.65046,0.48689
0.16667,0.083425,-0.63009
0.054868,0.03146,-0.1968
0.79282,0.20841,-0.39109
-0.53781,0.91668,0.37939
0.44998,0.54589,-0.61188
-0.66667,0.45839,0.41794
-0.75,0.12509,0.54647
-0.97181,0.6014,0.026727
0.28959,0.083425,-0.90869
0.83333,0.59342,-0.17131
-0.80911,0.87987,0.172
-0.035539,0.58518,0.94548
0.25,0.6014,-0.77357
0.62984,0.8354,-0.31251
0.083333,0.24179,-0.69956
-0.41667,0.94317,0.45554
0.24576,0.70836,-0.70878
0.77247,0.91668,-0.18818
0,0.80647,-0.013267
0.25,0.041763,-0.77496
0.28959,0.59342,-0.7499
-0.91667,0.83571,0.070717
-0.25,0.45839,0.89346
-0.2122,0.83335,0.66479
-0.92882,0.50005,0.095543
-0.41667,0.41673,0.7416
-0.97965,0.75193,0.026427
-0.58333,0.1405,0.80135
-0.98217,0.083425,0.042664
-0.25,0.8354,0.63526
-0.97965,0.095377,0.052722
-0.58333,0.6014,0.44544
-0.97965,0.12509,0.039483
-1,0.85737,-0.0071104
-0.98217,0.25007,0.027072
-0.13313,0.37506,0.98224
-0.91667,0.41673,0.1096
0.21483,0.58518,-0.82129
0.21483,0.80647,-0.6696
-0.75,1,0.19057
0.28959,0.8354,-0.60017
1,0.03146,-0.0048991
-0.2122,0.80647,0.68057
-0.98217,0.16675,0.038556
0.79282,0.94317,-0.16919
0,0.64803,-0.006944
0.24576,0.35256,-0.96885
0.16667,0.80647,-0.70996
-0.83333,0.0001,0.49395
0.44998,0.83571,-0.46983
0.24576,0.12509,-0.89751
-1,0.75003,0.00053264
-0.41667,0.0001,0.96227
-0.58333,0.70836,0.39991
0.21483,0.20841,-0.95798
-0.035539,0.97209,0.73123
-0.50612,0.54589,0.55051
0.24576,0.049858,-0.77942
0.91667,0.65046,-0.079565
-0.41667,0.03146,0.98799
-0.91667,0.70836,0.07461
0.62984,0.08437,-0.8058
0.44998,0.70836,-0.54138
-0.33333,0.97209,0.50633
-0.5,0.03146,1.0034
0.5,0.79169,-0.4418
0.5,0.94317,-0.38812
-0.80911,0.3334,0.28952
-0.51165,0.37506,0.66965
-0.98217,0.85737,0.019199
-0.83333,0.87501,0.15279
0.41667,0.095377,-0.99793
0.96113,0.87501,-0.024119
1,0.35256,-0.0031492
0.83333,0.43337,-0.2229
0.96113,0.91668,-0.027615
-0.58333,0.8354,0.35282
-0.80911,0.13976,0.41279
0,0.75193,-0.0098291
-0.75,0.13976,0.51098
-0.66667,0.58518,0.36402
0.16667,0.58518,-0.85421
0.21483,0.32147,-0.97841
0.91595,0.80647,-0.073853
-0.83333,0.83571,0.14956
0.21483,0.3334,-0.98064
0.41667,0.66768,-0.57353
-0.5,0.041763,0.98464
0.21483,0.70836,-0.73423
0.96113,0.37506,-0.059403
-0.083333,0.41673,0.98481
-0.035539,0.54589,0.98069
-0.41667,0.50005,0.67507
-0.14208,0.83335,0.71934
-0.035539,0.24179,0.38005
0.41667,0.62504,-0.59936
0.33333,0.95834,-0.50399
-0.13313,0.91668,0.68731
-0.92882,0.66768,0.068176
0.083333,0.80647,-0.78747
0.75,0.66768,-0.24712
-0.92882,0.37506,0.096526
0.58333,0.24179,-0.7028
-0.66667,0.87501,0.28047
0.79282,0.62504,-0.2274
0.58333,0.29174,-0.64136
0.91667,0.58518,-0.091375
0.17673,0.75193,-0.74005
0.33333,0.83335,-0.56261
-0.92882,0.54589,0.086846
0.75,0.13976,-0.52657
1,0.049858,0.0064369
0.83333,0.66768,-0.16625
-0.92882,0.94317,0.062734
-0.41667,0.54171,0.6556
0.41667,0.58337,-0.62799
-0.5,0.62504,0.52968
0.17673,0.97209,-0.62846
0.79282,0.095377,-0.47983
-0.72062,0.70836,0.28225
0.44998,0.1405,-0.96318
-0.2122,0.20841,0.95712
-0.13313,0.54589,0.91091
-0.083333,0.75003,0.81105
0.44998,1,-0.41324
-0.91667,0.58337,0.095767
-0.53781,0.83571,0.41008
-0.91667,0.79169,0.080075
-0.13313,0.83571,0.72326
-0.58333,0.50005,0.48703
0.96113,0.083425,-0.095033
-0.92882,0.12509,0.16124
0.91667,0.43337,-0.11511
0.17673,0.6667,-0.78639
-0.035539,0.64803,0.91386
0.91595,0.66768,-0.081594
-0.75,0.91668,0.19883
-0.97965,0.049858,0.051205
0.24576,0.13976,-0.92059
0.62984,0.50005,-0.45125
0.75,0.08437,-0.59063
0.75,0.41673,-0.33207
-0.53781,0.25007,0.74061
-0.66667,0.8354,0.27682
0.79282,0.37506,-0.29579
-1,0.70836,0.0019182
-0.83333,0.095377,0.38814
-0.13313,0.80647,0.74431
0.083333,0.79169,-0.78047
0.16667,1,-0.61468
-0.91667,0.08437,0.1963
0.21483,0.12509,-0.84424
0.24576,0.54171,-0.82493
0.24576,0.45839,-0.88466
0.24576,0.83571,-0.6407
0.17673,0.87987,-0.67292
0.96113,0.87987,-0.021226
-0.97965,0.43337,0.025067
-0.33333,0.91668,0.53013
-0.16667,0.13976,0.74966
-0.25,0.87501,0.60397
-0.083333,0.6667,0.85935
0.62984,0.041763,-0.86325
-0.25,1,0.56125
-0.53781,0.29174,0.70581
-0.58333,0.95834,0.33078
-0.53781,0.6014,0.49291
0.28959,0.54171,-0.77892
-0.98217,0.24179,0.032391
0.083333,0.65046,-0.87976
-0.50612,0.13976,0.89947
-0.5,0.6667,0.49788
0.21483,0.08437,-0.77632
0.16667,0.1405,-0.75051
0.083333,0.095377,-0.35853
-0.33333,0.1405,0.99291
0.28959,0.54589,-0.78478
0.91595,0.50005,-0.10025
-0.2122,0.095377,0.77376
0.24576,0.62504,-0.75951
-0.083333,0.70836,0.84275
-0.97181,0.03146,0.089773
0.5,0.91668,-0.41294
-0.98217,0.43337,0.028503
0.21764,0.95834,-0.60121
-0.50612,0.16675,0.8821
0.28959,0.1405,-0.97132
0.5,0.58518,-0.53959
0.21483,0.37506,-0.9642
0,0.8354,-0.0036132
0.17673,0.29174,-0.98641
0.083333,0.03146,-0.28207
0.21764,0.87501,-0.63627
0.21483,1,-0.57799
0.25,0.83571,-0.63129
-0.51165,0.85737,0.41015
-0.13313,0.45839,0.95565
-0.083333,0.16675,0.49344
-0.25,0.049858,0.78556
0.33333,0.1405,-0.99046
-0.75,0.049858,0.63789
0.21483,0.75193,-0.71046
-0.14208,0.43337,0.9673
0.75,0.54171,-0.28994
0.054868,0.35256,-0.90221
0.41667,0.70836,-0.54422
-0.92882,0.62504,0.070164
-0.83333,0.45839,0.22119
-0.72062,0.16675,0.55151
-0.83333,0.13976,0.36264
0.77247,0.13976,-0.4807
-0.51165,0.80647,0.42593
-0.33333,0.70836,0.62964
1,0.25007,0.0055992
-0.5,1,0.38358
0.91595,0.16675,-0.1667
0.41667,0.20841,-0.93765
0.58333,0.58337,-0.46223
-0.035539,0.79169,0.82536
0.91667,0.79169,-0.071816
0.33333,0.91668,-0.54569
-0.5,0.3334,0.72272
-0.97181,0.54589,0.044773
0.41667,0.0001,-0.9671
-1,0.97209,-0.0037616
-0.13313,0.94317,0.66303
0.33333,0.6014,-0.70707
-0.58333,0.91668,0.3321
-0.51165,0.97209,0.37707
-0.25,0.65046,0.73459
0.054868,0.1405,-0.2948
-0.92882,0.049858,0.19667
0.33333,0.79169,-0.59072
-0.91667,0.54171,0.099486
-0.97965,0.25007,0.039021
0.79282,0.87501,-0.17328
0.16667,0.75003,-0.73651
-0.2122,0.0001,0.6111
0.25,0.75193,-0.67676
-0.53781,0.95834,0.35381
0.62984,0.79169,-0.33511
-1,0.049858,0.002575
0.21483,0.59342,-0.80354
-0.91667,0.13976,0.18183
-0.80911,0.75193,0.18532
-0.13313,0.70836,0.79521
-0.66667,0.03146,0.82381
0.62984,0.41673,-0.49546
0.083333,0.35256,-0.95734
-0.14208,0.13976,0.65512
0.5,0.41673,-0.64804
0.25,0.59342,-0.76801
-0.5,0.85737,0.42355
0.79282,0.6667,-0.20131
-0.97181,0.3334,0.043479
0.96113,0.75193,-0.043429
0.75,0.3334,-0.38293
-0.97181,0.50005,0.02967
1,0.91668,0.0064371
0.5,0.54171,-0.56914
-1,0.94317,0.00053396
-0.51165,0.64803,0.48858
-0.75,0.64803,0.25607
-0.80911,0.83335,0.15571
0.44998,0.54171,-0.6235
-0.25,0.97209,0.57508
-0.98217,0.97209,0.023775
-0.5,0.32147,0.73633
0.66667,0.64803,-0.34121
0.24576,0.85737,-0.61969
0.77247,0.66768,-0.22531
0.83333,0.03146,-0.47403
-0.50612,0.37506,0.66822
0.91595,0.12509,-0.19322
0.44998,0.41673,-0.7158
-0.25,0.37506,0.93092
0.21483,0.29174,-0.9948
0.054868,0.08437,-0.23598
-0.14208,0.65046,0.83775
0.083333,0.95834,-0.70069
0.16667,0.91668,-0.66468
-0.97181,0.94317,0.01987
0.21483,0.75003,-0.7127
-0.92882,0.95834,0.057174
-0.58333,0.3334,0.61276
0.21483,0.03146,-0.68343
0.21483,0.50005,-0.87421
-0.33333,0.32147,0.91228
-0.97965,0.08437,0.046944
-0.75,0.62504,0.25835
-0.97181,0.45839,0.040834
-0.25,0.50005,0.84668
-0.53781,0.85737,0.38029
0.91595,0.65046,-0.073853
0.91667,0.32147,-0.13173
-0.2122,0.58337,0.82087
0.62984,0.16675,-0.70668
0.25,0.13976,-0.93153
-0.13313,0.24179,0.87891
-0.98217,0.87987,0.016318
0.33333,0.45839,-0.80058
-0.83333,0.65046,0.17926
0.62984,0.75003,-0.34261
-0.72062,0.6014,0.29132
0.96113,0.35256,-0.057879
-0.33333,0.29174,0.94434
-0.41667,0.79169,0.52367
-0.41667,0.97209,0.44853
-0.41667,0.59342,0.61071
-0.50612,0.24179,0.81028
-0.51165,0.62504,0.50749
-0.97181,1,0.022461
-0.50612,0.0001,1.0073
0.5,0.08437,-0.96271
-0.41667,0.095377,0.97463
-0.72062,0.94317,0.21085
-0.33333,1,0.49401
-0.75,0.83571,0.20817
-0.2122,1,0.58719
0.25,0.1405,-0.92393
0.21764,0.25007,-0.98908
1,0.41673,0.0068288
-0.50612,0.20841,0.8341
-0.91667,0.25007,0.14394
-0.80911,0.65046,0.19228
0.77247,0.6014,-0.25115
-0.16667,0.25007,0.94415
-0.75,0.25007,0.42232
-0.83333,0.1405,0.35502
-0.66667,0.1405,0.68274
0.79282,0.58337,-0.22375
-0.91667,0.45839,0.095581
-0.75,0.87501,0.21103
-0.083333,0.94317,0.70201
-0.91667,0.65046,0.088423
0.21483,0.97209,-0.5953
0.083333,0.049858,-0.30578
-0.83333,0.75003,0.1554
0.77247,0.35256,-0.33155
0.24576,0.0001,-0.69356
0.28959,0.20841,-0.99773
-0.97181,0.66768,0.020771
-0.41667,0.29174,0.85699
0.58333,0.75193,-0.37938
0.21764,0.35256,-0.97087
0.44998,0.97209,-0.41962
0.17673,0.80647,-0.70972
0.24576,0.87501,-0.62185
-0.083333,0.75193,0.82404
0.33333,0.94317,-0.52099
0.66667,0.62504,-0.35011
-0.13313,0.64803,0.83847
0.83333,0.8354,-0.14362
-0.97181,0.75193,0.024414
0.054868,0.16675,-0.34587
-0.2122,0.13976,0.86248
-0.80911,0.24179,0.34453
0.66667,0.58518,-0.36387
0.21483,0.6667,-0.76458
0.83333,0.65046,-0.17104
0.054868,0.83335,-0.77861
-0.92882,0.20841,0.14498
-0.91667,0.50005,0.09331
-0.83333,0.95834,0.13087
0.083333,0.041763,-0.29817
-0.083333,0.083425,0.34657
-0.035539,0.94317,0.7391
-0.98217,0.54589,0.017146
-0.97965,0.97209,0.0051916
-0.16667,0.049858,0.56772
-0.16667,0.32147,0.98457
0.083333,0.70836,-0.84083
-0.083333,0.08437,0.3515
-0.66667,0.29174,0.52633
0,0.94317,0.0021724
0.66667,0.25007,-0.55951
0.96113,0.95834,-0.029039
-0.97181,0.35256,0.042398
-0.75,0.29174,0.39896
-0.91667,0.87501,0.074592
-0.97181,0.58337,0.040696
-0.80911,0.43337,0.25491
0.16667,0.41673,-0.96451
0.083333,0.08437,-0.34326
0.83333,0.94317,-0.12573
-0.41667,0.64803,0.58645
0,0.43337,-0.0029909
-0.14208,0.20841,0.82909
0.054868,0.20841,-0.436
-0.16667,0.59342,0.85559
-0.13313,0.95834,0.65308
0.77247,0.97209,-0.16801
0.62984,0.13976,-0.74486
0.28959,0.85737,-0.58994
0.58333,0.20841,-0.73639
0.21764,0.65046,-0.76432
-0.80911,0.6014,0.19827
0.83333,0.25007,-0.29633
-0.83333,0.12509,0.3782
0.77247,0.62504,-0.24552
0.41667,0.54589,-0.65532
-0.66667,0.083425,0.75038
0.083333,0.45839,-0.98651
-0.75,0.8354,0.21662
0.28959,1,-0.52376
0.66667,0.66768,-0.33471
-0.97181,0.54171,0.042774
0,0.58518,-0.0084655
0.16667,0.095377,-0.6589
0.16667,0.87987,-0.68074
0.58333,0.64803,-0.42329
-0.25,0.58518,0.77738
0.25,0.66768,-0.73949
0.91595,0.87987,-0.072292
-0.72062,0.65046,0.27576
-0.91667,0.8354,0.066822
0.66667,0.32147,-0.51031
0.83333,0.95834,-0.13996
-0.25,0.08437,0.847
-0.33333,0.58337,0.71038
0.66667,0.65046,-0.3446
-0.53781,0.37506,0.63114
-0.14208,0.25007,0.90377
-0.91667,0.94317,0.064941
-0.75,0.16675,0.48599
-0.98217,0.041763,0.057084
-0.92882,0.87987,0.061824
0.17673,0.94317,-0.64739
-0.25,0.16675,0.96508
0.91667,0.94317,-0.066818
0.91667,0.6667,-0.092985
0.75,0.83571,-0.22111
0.054868,0.95834,-0.71562
0.79282,0.64803,-0.22177
-0.98217,0.6014,0.016577
0.054868,0.049858,-0.20286
0.41667,0.8354,-0.50038
0.17673,0.25007,-0.95441
0.91667,0.049858,-0.22857
-0.91667,0.6667,0.082918
-0.035539,0.3334,0.77221
0.66667,0.24179,-0.5852
-0.58333,0.87501,0.33524
-0.50612,0.041763,0.98145
0.77247,1,-0.17159
-0.83333,0.97209,0.13001
-0.13313,0.50005,0.9343
-0.5,0.66768,0.50584
0.83333,0.35256,-0.23995
-0.51165,0.59342,0.52338
-1,0.54171,0.019419
0.054868,0.65046,-0.8991
0.21764,0.70836,-0.72568
0.083333,0.50005,-0.96679
0.21483,0.83335,-0.67258
-0.2122,0.85737,0.66316
-0.80911,0.20841,0.35041
-0.41667,0.83571,0.4982
-0.16667,0.83335,0.7114
0.21764,0.45839,-0.90204
-0.16667,0.80647,0.71722
0.24576,0.75193,-0.68276
0.62984,0.58337,-0.40377
-0.5,0.13976,0.92769
-0.035539,0.083425,0.14712
0.083333,0.64803,-0.87943
-0.16667,0.041763,0.55891
-0.083333,0.83335,0.76116
-0.66667,0.83335,0.28666
0.21483,0.58337,-0.8134
0.28959,0.70836,-0.66917
-1,0.08437,-0.0044421
-0.50612,0.41673,0.65485
0.5,0.03146,-0.99928
0.21483,0.54589,-0.84591
0.96113,0.94317,-0.030289
0.5,0.1405,-0.92575
-0.97181,0.80647,0.019115
0,0.6667,-0.0075541
-0.51165,0.049858,0.96492
-0.33333,0.095377,0.98231
-0.083333,0.83571,0.75795
-0.97965,0.13976,0.049237
-0.33333,0.45839,0.80151
-0.97181,0.59342,0.025037
0.66667,0.85737,-0.2821
-0.035539,0.80647,0.81658
0.62984,0.049858,-0.86216
0.28959,0.62504,-0.71457
-0.035539,0.50005,0.98925
0.77247,0.3334,-0.34522
0.25,0.50005,-0.84373
0.17673,0.58518,-0.85502
1,0.62504,0.0033394
-0.50612,0.45839,0.61359
-0.50612,0.85737,0.42497
0,0.08437,-0.0055887
-0.83333,0.87987,0.15045
-0.80911,0.37506,0.27309
-0.13313,0.35256,0.98883
0.83333,0.16675,-0.32984
-0.16667,0.58337,0.86383
-0.51165,0.58337,0.52478
0.41667,0.79169,-0.52194
0.25,0.03146,-0.76254
0.28959,0.049858,-0.85719
0.96113,0.58337,-0.043801
0,0.70836,-0.0025968
0.33333,0.65046,-0.6647
0.91667,0.64803,-0.07996
-0.33333,0.8354,0.56545
0.77247,0.095377,-0.52543
-0.92882,0.45839,0.077849
-0.58333,0.94317,0.32415
0.21764,0.87987,-0.64298
0.91595,0.58518,-0.096497
1,0.50005,-0.0044494
0.24576,0.37506,-0.9457
-0.035539,0.29174,0.57853
-0.97965,0.75003,0.022853
0.33333,0.095377,-0.96147
0.41667,0.64803,-0.59734
0.44998,0.37506,-0.73553
-0.16667,0.1405,0.75704
-0.5,0.87501,0.41513
0.96113,0.049858,-0.096069
-0.50612,0.29174,0.75532
-0.51165,0.8354,0.41265
-0.53781,0.80647,0.4131
-0.75,0.80647,0.2343
-0.035539,0.91668,0.74754
0.79282,0.80647,-0.18936
0.75,0.59342,-0.26567
0.91667,0.12509,-0.1869
-0.33333,0.6667,0.64736
0.24576,0.6667,-0.72632
0.58333,0.083425,-0.88013
0.25,0.62504,-0.76186
0.054868,0.75003,-0.83774
0.5,0.6667,-0.50155
-0.13313,0.65046,0.84392
0.17673,0.6014,-0.84332
-0.80911,0.45839,0.24687
-0.035539,0.13976,0.19999
0.33333,1,-0.50387
0.75,0.24179,-0.43451
-0.5,0.59342,0.52673
0.21764,0.6014,-0.79782
0.62984,0.62504,-0.39441
0.16667,0.37506,-0.97865
0.91667,0.1405,-0.17801
-1,0.95834,-0.0024023
-0.33333,0.62504,0.67247
-0.13313,0.29174,0.95598
-0.50612,0.50005,0.58682
0.75,0.6014,-0.2602
-1,0.13976,5.0014e-05
0.41667,0.95834,-0.46203
-0.72062,0.095377,0.64325
-0.035539,0.66768,0.89778
0.21483,0.083425,-0.76008
0,0.20841,-0.0042174
-1,0.43337,0.0035727
-0.33333,0.83335,0.57221
0.96113,0.6014,-0.036251
-0.5,0.83335,0.43205
-0.72062,0.97209,0.21542
-0.92882,0.25007,0.12558
0.28959,0.79169,-0.62199
-0.2122,0.75193,0.70544
0.83333,0.45839,-0.21015
-0.51165,0.083425,0.95045
-0.33333,0.43337,0.81055
-0.14208,0.35256,0.98896
0.83333,0.1405,-0.35569
0.16667,0.6667,-0.7993
0.75,0.97209,-0.18271
0.91667,0.41673,-0.10579
0.17673,0.1405,-0.76675
0.5,0.62504,-0.51818
0.41667,0.83335,-0.49344
-0.83333,0.041763,0.44431
0.58333,0.75003,-0.38736
0.44998,0.3334,-0.79328
0.21764,0.80647,-0.67419
-0.13313,0.75003,0.78003
0.083333,0.54171,-0.95089
0.054868,0.13976,-0.29649
0.25,0.24179,-0.99593
0.24576,0.65046,-0.74878
-0.72062,0.91668,0.23053
0.17673,0.13976,-0.77574
1,0.24179,0.0043187
-0.58333,0.25007,0.69259
-1,0.16675,0.0054644
-0.50612,1,0.35846
0.77247,0.25007,-0.39907
-0.92882,0.03146,0.20106
0.66667,0.59342,-0.35971
-0.80911,0.25007,0.33809
0.16667,0.43337,-0.96118
-0.91667,0.35256,0.12022
-0.58333,0.095377,0.8634
0.91667,0.54589,-0.092087
0.24576,0.97209,-0.57313
0.62984,0.20841,-0.65645
-0.83333,0.049858,0.43424
-0.53781,0.64803,0.47301
-0.75,0.87987,0.21008
-0.035539,0.58337,0.93944
1,0.79169,0.0017307
-0.80911,0.08437,0.46921
-0.66667,0.20841,0.59697
-0.72062,0.32147,0.42458
0.21483,0.6014,-0.81027
-0.33333,0.03146,0.91294
-0.083333,0.29174,0.84304
-0.33333,0.6014,0.70088
0.44998,0.43337,-0.70695
0.21764,0.66768,-0.76783
-0.50612,0.3334,0.72074
-0.14208,0.3334,0.98741
-0.25,0.35256,0.95654
-0.98217,0.29174,0.034799
0.16667,0.08437,-0.63572
0.66667,0.37506,-0.46962
-0.25,0.79169,0.65126
-0.58333,0.85737,0.35159
0.33333,0.083425,-0.96699
-0.92882,0.095377,0.1659
-0.14208,0.12509,0.63577
-0.72062,0.79169,0.25118
-0.41667,0.91668,0.47573
0.58333,0.87987,-0.34286
-0.2122,0.54589,0.8486
-0.66667,0.54589,0.38423
-0.50612,0.87987,0.41502
-1,0.03146,0.0033892
0.24576,0.08437,-0.83498
0.41667,0.24179,-0.90791
-0.53781,0.16675,0.84694
0.083333,0.59342,-0.92315
0.91595,0.095377,-0.20149
0.62984,0.0001,-0.91233
-0.14208,0.87987,0.69283
-0.91667,0.91668,0.070701
0.44998,0.16675,-0.93907
0.41667,1,-0.43438
0.91595,0.43337,-0.11432
-0.97965,1,0.02517
-0.41667,0.54589,0.65356
0.25,0.87987,-0.61094
0.75,0.91668,-0.20862
0.17673,0.58337,-0.8503
0.054868,0.41673,-0.98551
0.24576,0.66768,-0.7346
0.41667,0.41673,-0.75526
-0.97181,0.083425,0.069626
0.58333,0.095377,-0.86417
-0.41667,0.13976,0.97886
-0.2122,0.41673,0.94838
-0.97181,0.83571,0.032368
-0.92882,0.6014,0.085447
0.96113,0.25007,-0.064746
-0.035539,0.62504,0.92998
0.24576,0.03146,-0.75168
-1,0.6014,0.0007697
0.054868,0.83571,-0.78977
-0.2122,0.24179,0.97996
-0.2122,0.8354,0.67018
-0.72062,0.75193,0.25314
0.91595,0.94317,-0.067708
-0.97181,0.37506,0.031983
-0.25,0.12509,0.90831
-0.33333,0.95834,0.52164
-0.16667,0.29174,0.98479
0.66667,0.08437,-0.75474
-0.50612,0.8354,0.41912
0.58333,0.35256,-0.59911
-0.13313,0.75193,0.77115
-0.80911,0.58518,0.20714
0.25,0.12509,-0.91951
0.21764,0.91668,-0.61544
-0.035539,0.041763,0.12651
-0.5,0.12509,0.9347
-0.25,0.13976,0.92545
-0.035539,0.1405,0.17748
-0.14208,0.8354,0.71625
0.16667,0.83335,-0.6956
0.44998,0.083425,-0.98607
0.91595,1,-0.065479
0.054868,0.50005,-0.97449
0.44998,0.58337,-0.59187
0.083333,0.1405,-0.42997
-1,0.58337,0.011466
0.75,0.041763,-0.64945
-0.51165,1,0.37979
0.25,0.94317,-0.58173
-0.13313,0.049858,0.46697
0.91667,0.03146,-0.24074
-0.083333,0.25007,0.72937
-0.83333,0.58518,0.18447
-0.91667,0.32147,0.13214
0.17673,0.43337,-0.94667
-0.75,0.3334,0.37995
-0.75,0.70836,0.23622
-1,0.79169,-0.0040301
-0.53781,0.59342,0.49296
0.28959,0.6667,-0.69829
-0.16667,0.65046,0.81346
0.16667,0.59342,-0.8484
0.054868,0.0001,-0.17291
0.16667,0.85737,-0.69316
-0.035539,0.43337,0.97211
-0.035539,0.25007,0.4126
-0.91667,0.24179,0.14735
0.66667,0.35256,-0.47681
0.83333,0.54171,-0.19765
0.83333,0.29174,-0.26898
0.33333,0.54171,-0.73111
0.75,0.12509,-0.54556
0.17673,0.54171,-0.87894
-0.97965,0.87501,0.0099301
0.91595,0.62504,-0.094292
0.5,0.70836,-0.48779
-0.083333,0.20841,0.59612
0.44998,0.049858,-0.99629
0.083333,0.37506,-0.97337
-0.75,0.50005,0.30623
0.17673,0.24179,-0.94115
0.5,0.6014,-0.5299
0,0.65046,0.0045283
-0.50612,0.095377,0.95584
0.25,0.08437,-0.82994
-0.80911,1,0.14883
-0.92882,0.16675,0.13736
0.5,0.54589,-0.56208
0.5,0.83571,-0.42439
0.5,0.35256,-0.69999
0.91595,0.6014,-0.086362
-0.97965,0.29174,0.030407
-0.75,0.03146,0.65914
0.58333,0.65046,-0.4224
-0.83333,0.62504,0.17722
-0.58333,0.83571,0.36985
-0.035539,0.35256,0.83089
-0.035539,0.08437,0.15539
0.83333,0.97209,-0.1219
-0.97965,0.041763,0.052997
-0.51165,0.83335,0.42223
-0.83333,0.16675,0.33778
-0.91667,0.64803,0.079973
0.24576,0.59342,-0.78215
-0.035539,0.65046,0.91983
0.79282,0.3334,-0.31673
-1,0.59342,0.0036643
-0.97965,0.41673,0.021075
0.054868,0.24179,-0.54329
-0.97181,0.41673,0.031013
-0.51165,0.6667,0.47903
0.28959,0.58518,-0.75412
0.21764,0.85737,-0.6532
-0.53781,0.94317,0.36087
0.75,0.43337,-0.33865
-0.91667,0.20841,0.15447
0.5,0.59342,-0.54091
-0.98217,0.32147,0.023162
0.83333,0.41673,-0.22717
-0.035539,0.83335,0.8053
-0.2122,0.75003,0.71084
-0.97965,0.64803,0.023475
-0.58333,0.75193,0.3946
0.5,0.32147,-0.7295
-0.16667,0.41673,0.96706
-0.75,0.6014,0.27633
-0.16667,0.64803,0.82603
-0.83333,0.66768,0.16537
0.79282,0.54589,-0.23334
-0.58333,0.43337,0.53495
-0.5,0.45839,0.6141
0.62984,0.85737,-0.31667
-0.50612,0.65046,0.50017
-0.97181,0.83335,0.012969
0.79282,0.083425,-0.50581
0.83333,0.79169,-0.15001
0.75,0.6667,-0.24882
0.083333,0.83335,-0.75897
-0.41667,0.8354,0.50045
0.17673,0.65046,-0.80412
0.62984,0.6667,-0.36881
-0.5,0.87987,0.42751
-0.80911,0.1405,0.41821
0.5,0.0001,-1.0003
-0.25,0.095377,0.86934
0.083333,0.66768,-0.869
-0.92882,0.80647,0.065191
-0.72062,0.50005,0.3387
-0.2122,0.58518,0.82246
0.58333,0.3334,-0.62121
0.91667,0.97209,-0.060801
-0.91667,0.0001,0.25972
0.33333,0.35256,-0.88702
0.77247,0.049858,-0.58906
-0.98217,0.70836,0.015031
0.96113,0.03146,-0.11986
-0.2122,0.66768,0.75755
0.83333,0.75003,-0.16114
-0.16667,0.37506,0.98131
0.77247,0.65046,-0.23261
0.17673,0.64803,-0.79975
0.25,0.95834,-0.5827
-0.5,0.54171,0.56805
0.21764,0.75003,-0.70003
0.58333,0.62504,-0.42981
-0.41667,0.32147,0.82259
0.16667,0.65046,-0.80711
-0.72062,0.41673,0.37399
-0.83333,0.29174,0.27877
0.28959,0.3334,-0.93506
-0.41667,0.62504,0.59954
-0.53781,0.35256,0.65945
-0.75,0.83335,0.21913
-0.83333,0.32147,0.24397
0.083333,0.16675,-0.49519
0.62984,0.37506,-0.52219
0,1,-0.0066846
-0.72062,0.58337,0.29425
-0.83333,0.24179,0.29919
0.91595,0.08437,-0.21076
0.28959,0.97209,-0.53472
0.96113,0.8354,-0.039221
-0.97181,0.91668,0.028344
-0.5,0.083425,0.96987
0.91667,0.083425,-0.20264
-0.035539,0.03146,0.11733
0.054868,0.041763,-0.19761
0.66667,0.87987,-0.27939
0.66667,0.13976,-0.68438
0.62984,0.94317,-0.29434
0.21483,0.095377,-0.79654
-0.98217,0.59342,0.018592
-0.92882,0.75003,0.065319
-0.97181,0.095377,0.063118
0.75,0.37506,-0.35218
0.91595,0.41673,-0.12008
-0.13313,0.83335,0.72454
0.79282,0.32147,-0.31704
-0.80911,0.54589,0.22093
0,0.59342,-0.013999
0.58333,0.85737,-0.35605
-0.50612,0.91668,0.39377
0.41667,0.80647,-0.51336
-0.25,0.83335,0.6267
0.58333,0.95834,-0.32446
-0.25,0.43337,0.89706
-0.083333,0.97209,0.69786
0.62984,0.32147,-0.55898
-0.98217,0.20841,0.037886
0.17673,0.50005,-0.90867
-0.53781,0.45839,0.56683
0.16667,0.62504,-0.83718
-0.41667,0.24179,0.901
0.79282,0.58518,-0.23058
0.5,0.80647,-0.4357
0.083333,0.6667,-0.87089
0.054868,0.79169,-0.8127
0.91667,0.50005,-0.10002
-0.51165,0.58518,0.52562
-1,0.87987,-0.0071731
-0.92882,0.8354,0.058326
-0.66667,0.95834,0.25585
-0.92882,0.083425,0.18019
0.21483,0.79169,-0.68366
-0.41667,0.3334,0.82415
0.44998,0.6014,-0.58523
0.28959,0.87987,-0.56856
0.083333,0.75193,-0.81127
0.21483,0.43337,-0.93107
-0.2122,0.16675,0.89455
-0.14208,0.6667,0.82111
0.77247,0.32147,-0.35324
-0.41667,0.70836,0.54822
0.96113,0.97209,-0.032811
-0.58333,0.59342,0.4404
0.44998,0.64803,-0.55241
-0.33333,0.13976,1.0029
0.91667,0.6014,-0.086035
-1,1,-0.0018871
-0.53781,0.41673,0.61498
-0.13313,0.66768,0.82873
-0.72062,0.08437,0.63447
-0.16667,0.43337,0.9566
-0.91667,0.12509,0.18722
-0.25,0.87987,0.61505
-0.035539,0.70836,0.87321
-0.53781,0.58337,0.50949
-0.53781,0.1405,0.86476
0.83333,0.12509,-0.35431
-0.33333,0.08437,0.96925
-0.80911,0.35256,0.28051
-0.80911,0.66768,0.19445
-1,0.50005,-0.0050958
0.21483,0.049858,-0.71136
-0.2122,0.32147,0.98696
-0.92882,0.32147,0.11662
1,0.80647,0.0054063
-0.97181,0.32147,0.056385
0.66667,0.03146,-0.82374
-0.66667,0.35256,0.48392
0.25,0.58518,-0.80071
1,0.16675,-0.0018017
0.83333,0.6014,-0.1796
-0.51165,0.75003,0.45114
0.91595,0.0001,-0.26469
0.58333,0.08437,-0.88563
0.25,0.65046,-0.74274
-0.91667,0.3334,0.14022
-0.75,0.65046,0.25108
-0.92882,0.29174,0.11626
0.96113,0.83571,-0.040376
-0.97965,0.24179,0.043048
-0.66667,0.6667,0.34003
-0.25,0.20841,0.98375
-0.97965,0.54171,0.023334
0.96113,0.08437,-0.087625
0.83333,0.13976,-0.35403
-0.035539,0.6667,0.90007
0.83333,0.08437,-0.40297
-0.035539,0.45839,0.99218
-0.33333,0.049858,0.93065
-0.98217,0.0001,0.057538
0.83333,0.083425,-0.40134
-0.58333,0.049858,0.91697
1,0.54589,-0.0057647
-0.25,0.1405,0.92696
1,0.8354,-0.0094731
-0.83333,0.91668,0.13053
-0.97965,0.8354,0.023785
-0.035539,0.59342,0.93953
-0.33333,0.79169,0.58884
-0.33333,0.83571,0.56498
0.28959,0.95834,-0.54549
0.5,0.37506,-0.6837
-0.98217,0.80647,0.012894
-0.72062,0.83571,0.22851
-0.50612,0.83335,0.42996
-0.97181,0.97209,0.018544
-0.53781,0.66768,0.46329
-0.97181,0.58518,0.036785
-0.58333,0.20841,0.72734
-0.14208,0.16675,0.73915
-0.80911,0.95834,0.15343
0.91595,0.75193,-0.077628
-0.91667,0.80647,0.071822
0.66667,0.12509,-0.68946
0.21764,0.43337,-0.92101
1,0.54171,0.0031085
0,0.85737,0.015725
-0.25,0.24179,0.99494
-0.92882,0.79169,0.070852
-0.2122,0.87501,0.64304
0.79282,0.13976,-0.42982
0.62984,0.97209,-0.28584
0.5,0.095377,-0.96237
0.58333,0.87501,-0.34654
-0.75,0.75193,0.22242
-0.41667,0.25007,0.90524
-0.53781,0.62504,0.47463
-0.25,0.66768,0.73086
0.83333,0.80647,-0.14238
-0.16667,0.62504,0.8314
-0.16667,0.94317,0.6467
0.44998,0.29174,-0.82733
0.28959,0.6014,-0.73775
-0.33333,0.25007,0.97141
0.21483,0.41673,-0.94148
-0.25,0.32147,0.9652
0.66667,0.049858,-0.80007
0.33333,0.41673,-0.83039
0.24576,0.16675,-0.95056
0,0.45839,0.0013014
-0.91667,0.095377,0.18984
-0.72062,0.6667,0.2772
-0.66667,0.75193,0.30513
-0.53781,0.083425,0.92514
-0.035539,1,0.71639
-0.14208,0.54171,0.91137
-0.14208,0.83571,0.70869
-0.51165,0.91668,0.39323
-0.25,0.83571,0.62777
-0.66667,0.80647,0.29348
0.054868,0.87987,-0.75815
0.44998,0.03146,-0.98731
0.44998,0.58518,-0.59
0.28959,0.095377,-0.92782
-0.035539,0.83571,0.80194
0.24576,0.24179,-0.98597
0.77247,0.79169,-0.20332
0.66667,0.95834,-0.24673
-0.75,0.43337,0.32808
0.25,0.87501,-0.61676
0.58333,0.83571,-0.35481
0.91595,0.37506,-0.12838
-0.41667,0.20841,0.93196
0.16667,0.75193,-0.74995
0.054868,0.80647,-0.79227
0.91667,0.85737,-0.066595
-0.83333,0.64803,0.17534
-0.16667,0.03146,0.55071
0.083333,0.8354,-0.75714
0.5,0.049858,-0.98638
-0.2122,0.87987,0.63266
-0.13313,0.87501,0.69361
-0.33333,0.94317,0.52059
-0.98217,0.8354,0.025137
-0.33333,0.16675,0.99961
-0.66667,0.25007,0.57091
-0.14208,0.54589,0.91295
-0.25,0.03146,0.75436
-0.2122,0.64803,0.77108
-0.50612,0.43337,0.639
0.91595,0.20841,-0.16296
-0.25,0.70836,0.71677
-0.33333,0.64803,0.67188
0.24576,0.20841,-0.98426
-0.5,0.8354,0.42622
-0.66667,0.32147,0.51016
-0.72062,0.62504,0.29812
0.66667,0.29174,-0.52298
0.79282,0.70836,-0.19894
-0.92882,0.70836,0.063239
0.44998,0.83335,-0.47048
-1,0.65046,-0.0089704
-0.14208,0.24179,0.89482
-0.25,0.54171,0.81949
0.96113,0.45839,-0.049064
-0.2122,0.50005,0.87437
-0.97965,0.0001,0.071317
-0.75,0.66768,0.25784
0.75,1,-0.19315
0.21764,0.29174,-0.99855
-0.5,0.16675,0.89544
-0.58333,0.35256,0.60207
-0.41667,0.58518,0.62594
-0.13313,0.58518,0.88405
0.33333,0.37506,-0.86608
0.58333,0.80647,-0.36962
0.054868,0.54171,-0.9512
-0.25,0.6667,0.73187
-0.58333,0.6667,0.41318
0.083333,0.58518,-0.9214
0.21483,0.0001,-0.61622
-0.5,0.37506,0.68238
0.91667,0.45839,-0.11314
0.96113,0.16675,-0.073163
0.62984,0.54589,-0.42027
0.91667,0.75003,-0.064947
-0.5,0.0001,0.99843
0.75,0.80647,-0.21754
0.91667,0.37506,-0.11986
-0.16667,0.08437,0.63864
-0.16667,0.54589,0.87437
-0.035539,0.32147,0.72185
-0.2122,0.43337,0.93209
0.5,0.83335,-0.42917
-0.75,0.1405,0.52226
0.054868,0.3334,-0.85938
0.58333,0.12509,-0.8417
0.21483,0.25007,-0.97657
0.91595,0.95834,-0.063701
-0.13313,0.0001,0.4095
0.44998,0.13976,-0.95749
-0.41667,0.87501,0.48371
0.21483,0.66768,-0.75131
-0.72062,0.37506,0.39011
-0.50612,0.87501,0.40917
0.083333,0.32147,-0.90295
0.17673,0.70836,-0.76552
-0.41667,0.041763,0.99374
-0.2122,0.6667,0.75302
0.58333,0.54171,-0.47364
0.054868,0.12509,-0.26875
-0.41667,0.80647,0.49705
-1,0.12509,-0.001376
-0.25,0.41673,0.90318
-0.5,0.94317,0.38673
0,0.083425,0.0034618
0.41667,0.13976,-0.97532
0.96113,0.54589,-0.046095
-1,0.20841,-0.0030319
-1,0.8354,0.010524
0.44998,0.91668,-0.4408
0.083333,0.87987,-0.7355
-0.14208,0.95834,0.65316
-0.2122,0.25007,0.98555
-0.91667,1,0.055948
-0.83333,0.6667,0.16869
-0.25,0.25007,0.98691
-0.66667,0.08437,0.74763
0.33333,0.25007,-0.96195
0.25,0.58337,-0.77458
-1,0.6667,-0.0026396
0.24576,0.54589,-0.81376
-1,0.83571,-0.0026689
0.44998,0.95834,-0.42582
-1,0.83335,0.016248
0.054868,0.25007,-0.56634
0.66667,0.75003,-0.31324
0.054868,0.59342,-0.92617
-0.14208,0.87501,0.7021
0.054868,0.58337,-0.94677
-0.13313,0.13976,0.63538
0.25,0.35256,-0.95752
0.77247,0.37506,-0.326
-0.51165,0.25007,0.78889
0.83333,0.91668,-0.13786
0.79282,0.1405,-0.43716
-0.51165,0.6014,0.52288
-0.2122,0.54171,0.84435
0.41667,0.041763,-0.98779
0.91595,0.54171,-0.10399
0.91595,0.083425,-0.20284
-0.92882,0.43337,0.093154
0.91595,0.54589,-0.092767
0.33333,0.29174,-0.94333
0.21483,0.8354,-0.65687
-0.14208,0.6014,0.86294
-0.5,0.70836,0.47891
0.83333,0.87987,-0.14029
-0.58333,0.0001,0.96976
0.16667,0.32147,-0.97758
-0.16667,0.50005,0.92064
0.79282,0.79169,-0.18577
0.91595,0.8354,-0.077051
0.83333,0.0001,-0.49937
-0.33333,0.50005,0.76298
0.054868,0.97209,-0.7108
-0.97181,0.16675,0.063457
-0.41667,0.35256,0.80309
-0.83333,0.85737,0.14831
-0.58333,0.66768,0.41434
-0.083333,1,0.67961
-0.91667,0.83335,0.074122
0.16667,0.45839,-0.95081
0.83333,0.20841,-0.31545
0.21764,0.049858,-0.70703
-0.035539,0.20841,0.28866
0.75,0.1405,-0.52526
-0.83333,0.37506,0.23299
0.77247,0.58518,-0.256
-0.58333,0.24179,0.69324
-0.83333,0.35256,0.25137
0.77247,0.03146,-0.60831
0.25,0.91668,-0.59254
0.5,0.95834,-0.39143
-0.58333,0.83335,0.35799
0.21483,0.16675,-0.90176
-0.14208,0.62504,0.84093
-0.80911,0.049858,0.49328
0.16667,0.35256,-0.98233
0.16667,0.54171,-0.87669
-0.5,0.65046,0.50153
-0.2122,0.29174,0.9934
0.16667,0.29174,-0.9854
-0.25,0.94317,0.58682
0.25,0.32147,-0.97164
-0.14208,0.50005,0.92676
0.75,0.25007,-0.42749
0.66667,0.70836,-0.31471
-0.72062,0.03146,0.72023
-0.80911,0.64803,0.19142
0.24576,0.41673,-0.92041
0.44998,0.45839,-0.68524
0.33333,0.58337,-0.70627
-0.50612,0.64803,0.50377
-0.035539,0.6014,0.93456
-0.97181,0.87987,0.02788
0.96113,0.75003,-0.042531
0.24576,0.58337,-0.78114
0.79282,0.83335,-0.19168
-0.25,0.75003,0.67785
-0.66667,0.94317,0.26731
-0.5,0.75003,0.46147
-0.083333,0.58518,0.9188
-0.083333,0.43337,0.98322
0.96113,0.50005,-0.035906
-0.97965,0.87987,0.014266
0.58333,0.58518,-0.44976
-0.13313,0.41673,0.98732
0.054868,0.58518,-0.93882
0.44998,0.8354,-0.46176
-0.97965,0.6667,0.023211
-0.53781,0.03146,0.96729
-0.72062,0.59342,0.30121
-0.72062,0.64803,0.28622
-0.97965,0.66768,0.024323
0,0.79169,0.0041617
0.33333,0.54589,-0.73075
-0.14208,0.85737,0.69761
-0.41667,0.85737,0.48007
-0.41667,0.08437,1.0052
0.17673,0.0001,-0.52248
-0.33333,0.37506,0.87256
-0.80911,0.41673,0.26679
-0.41667,0.75193,0.54556
0.25,0.16675,-0.95804
0.083333,0.12509,-0.40654
0.16667,0.6014,-0.84233
-0.51165,0.94317,0.38443
0.41667,0.45839,-0.71342
0.24576,0.50005,-0.84994
0.24576,0.79169,-0.65349
1,1,-0.016051
0.96113,0.32147,-0.060625
0.16667,0.64803,-0.81447
0.83333,0.70836,-0.16449
0.58333,0.1405,-0.81028
0.77247,0.70836,-0.21743
-0.75,0.35256,0.36577
-0.41667,0.95834,0.45175
-0.25,0.80647,0.63886
0.91595,0.13976,-0.18888
-0.80911,0.97209,0.14534
0.83333,0.54589,-0.19295
-0.13313,1,0.63609
0.33333,0.87501,-0.55551
0,0.25007,0.003579
0.21483,0.87501,-0.64052
0.75,0.049858,-0.62474
-0.97965,0.37506,0.032468
0.5,0.65046,-0.51338
0.25,0.80647,-0.66145
0.66667,0.83571,-0.28628
-0.58333,0.08437,0.87679
-0.41667,0.58337,0.63011
0.66667,0.79169,-0.29297
1,0.083425,-0.0011689
0.91595,0.97209,-0.064132
-0.083333,0.85737,0.74584
-0.50612,0.1405,0.91643
0,0.16675,0.00030297
-0.80911,0.83571,0.16176
-0.91667,0.03146,0.23334
-0.98217,0.08437,0.054811
0.75,0.75193,-0.22947
0.91667,0.095377,-0.19758
0.58333,0.83335,-0.35675
-0.75,0.0001,0.7096
-0.14208,0.32147,0.98192
-0.75,0.041763,0.64417
-0.41667,0.37506,0.79363
0.083333,0.3334,-0.93002
0.91667,0.58337,-0.097084
0.62984,0.6014,-0.39993
0.62984,0.75193,-0.33604
0.66667,0.45839,-0.41779
0.77247,0.8354,-0.18961
0.58333,0.66768,-0.4185
0.62984,0.03146,-0.87835
0,0.35256,-0.010594
-0.035539,0.87987,0.77761
-0.16667,0.83571,0.69828
0.41667,0.35256,-0.80327
-0.16667,0.70836,0.77959
0.33333,0.50005,-0.7704
-0.91667,0.62504,0.090615
0.58333,0.97209,-0.325
0,0.50005,-0.0031056
0.83333,0.64803,-0.16863
0.91595,0.29174,-0.13844
0.77247,0.083425,-0.55015
0.79282,0.6014,-0.22721
-0.33333,0.59342,0.7188
0.91595,0.85737,-0.068453
-0.5,0.095377,0.95781
-0.66667,0.24179,0.56985
-0.41667,0.1405,0.97069
0.21483,0.94317,-0.60831
0.83333,0.85737,-0.15932
0.75,0.083425,-0.59414
-0.083333,0.049858,0.29544
-0.41667,1,0.43655
0.75,0.54589,-0.28078
-0.66667,0.58337,0.36868
-0.72062,0.58518,0.30409
-0.14208,0.64803,0.82346
0.62984,0.83335,-0.32225
0.75,0.29174,-0.40945
0.83333,0.83571,-0.14148
0.77247,0.45839,-0.29386
0.5,0.75003,-0.45313
0.21764,0.58337,-0.81527
-0.51165,0.75193,0.44128
-0.91667,0.6014,0.09082
-0.51165,0.0001,1.0035
0.5,0.97209,-0.38704
-0.97181,0.13976,0.064982
0.91667,0.87501,-0.067698
0.28959,0.91668,-0.56235
-0.92882,0.85737,0.058506
0,0.12509,-0.00074536
-0.83333,0.79169,0.14889
-0.98217,0.79169,0.01528
0.91667,0.62504,-0.096599
-0.83333,0.54171,0.19277
0.21764,0.62504,-0.79253
-0.72062,0.43337,0.36769
0.16667,0.03146,-0.55215
-0.98217,0.95834,0.021897
-0.91667,0.16675,0.17565
0.28959,0.65046,-0.70822
0.33333,0.43337,-0.80962
0.44998,0.65046,-0.54844
-0.13313,0.54171,0.9168
0.28959,0.66768,-0.70634
-0.33333,0.87987,0.53912
-0.41667,0.66768,0.5734
-0.083333,0.87501,0.73844
-1,0.35256,-0.0076586
0.96113,0.65046,-0.036209
-0.91667,0.041763,0.22632
0.21764,0.97209,-0.59523
0.58333,0.43337,-0.54291
0.5,0.12509,-0.93117
1,0.095377,0.0080126
0.83333,0.049858,-0.44944
0.44998,0.59342,-0.59286
-0.13313,0.083425,0.52338
0.33333,0.6667,-0.65209
0.58333,0.41673,-0.55693
0.33333,0.32147,-0.91747
0.41667,0.97209,-0.44287
0.66667,0.91668,-0.27566
-0.5,0.79169,0.45083
-0.66667,0.79169,0.30031
-0.51165,0.041763,0.98834
0.96113,0.041763,-0.10775
0.96113,0.64803,-0.04596
-1,0.91668,-0.0093401
0.33333,0.64803,-0.66578
0.75,0.03146,-0.6548
0.24576,0.1405,-0.91458
0.33333,0.13976,-0.99207
0.91667,0.95834,-0.055516
0,0.97209,0.0010804
0.77247,0.85737,-0.19516
-0.035539,0.049858,0.13225
0.16667,0.83571,-0.7025
0.21764,0.24179,-0.97758
0.79282,0.29174,-0.32615
-0.13313,0.08437,0.53388
-0.035539,0.0001,0.11291
0,0.83335,-0.0079462
0.17673,0.32147,-0.99326
-0.035539,0.75003,0.85069
0.17673,0.79169,-0.71592
0.96113,0.13976,-0.076542
0.083333,0.85737,-0.74619
-0.66667,0.62504,0.34154
0.79282,0.75193,-0.1891
0.21764,0.20841,-0.95512
0.33333,0.80647,-0.56982
-0.80911,0.58337,0.21114
0.25,0.20841,-0.98128
-0.83333,0.54589,0.18275
-1,0.1405,-0.0026881
0.62984,1,-0.28804
1,0.43337,-0.00086401
-0.98217,0.12509,0.035572
1,0.041763,-0.0075215
-0.92882,0.13976,0.1546
0.79282,0.59342,-0.23092
0.91595,0.91668,-0.060509
-0.66667,0.37506,0.48344
-0.75,0.6667,0.25321
-0.25,0.91668,0.59637
0.58333,0.54589,-0.48493
0.17673,0.12509,-0.73759
0.41667,0.25007,-0.90154
-1,0.3334,0.0022826
0.91595,0.58337,-0.094126
-0.13313,0.25007,0.88932
-0.83333,0.25007,0.28959
0.17673,0.95834,-0.62937
0.79282,0.0001,-0.61194
0.44998,0.85737,-0.46098
0.91667,0.66768,-0.092989
-0.035539,0.12509,0.17973
0.33333,0.75003,-0.60743
-0.80911,0.50005,0.23023
0.79282,0.97209,-0.15817
0.41667,0.049858,-0.98761
0.41667,0.6014,-0.62501
0.77247,0.16675,-0.46486
-0.92882,1,0.050269
-0.25,0.85737,0.62512
0.77247,0.58337,-0.24875
-0.97181,0.25007,0.047381
0.24576,0.8354,-0.63355
-0.16667,0.91668,0.66937
-0.51165,0.87987,0.3972
0.17673,0.083425,-0.66912
0.75,0.62504,-0.27401
-0.13313,0.6014,0.87232
-0.98217,0.65046,0.023005
0.79282,0.85737,-0.17778
0.41667,0.94317,-0.45054
-0.14208,0.59342,0.86866
-0.53781,0.87987,0.38365
-0.50612,0.6014,0.53171
-0.53781,0.24179,0.76575
0.77247,0.41673,-0.30471
-0.98217,0.83335,0.02378
-0.083333,0.095377,0.3544
0.16667,0.8354,-0.70178
0.17673,1,-0.60981
-0.97965,0.58337,0.020437
0.77247,0.83571,-0.19969
0.5,0.75193,-0.45641
0.16667,0.70836,-0.77663
0.24576,0.75003,-0.6807
-0.2122,0.12509,0.83324
-0.58333,0.54171,0.47313
1,0.85737,0.0026701
-0.14208,0.66768,0.82159
1,0.58337,-0.011525
-0.92882,0.83335,0.059691
0.58333,0.70836,-0.40753
-0.25,0.29174,0.98554
-0.98217,0.91668,0.01022
0.5,1,-0.37626
0.58333,0.041763,-0.91895
-0.5,0.1405,0.92587
0.66667,0.54171,-0.37818
-0.13313,0.6667,0.81834
-0.33333,0.87501,0.55718
-0.97181,0.08437,0.076113
-0.72062,0.1405,0.58186
-0.58333,0.03146,0.95115
-0.98217,0.03146,0.048223
0.21764,0.64803,-0.75963
-0.98217,0.54171,0.014222
0.33333,0.041763,-0.92091
-0.2122,0.95834,0.59741
-0.83333,0.94317,0.13505
-0.97181,0.65046,0.031154
-0.14208,0.75003,0.76375
-0.66667,0.12509,0.68828
0.25,0.45839,-0.8948
-0.66667,0.54171,0.37728
-0.51165,0.20841,0.82339
0.96113,0.41673,-0.048886
-0.66667,0.85737,0.28816
0.28959,0.58337,-0.76156
0.62984,0.66768,-0.38174
0.16667,0.94317,-0.64732
0.41667,0.75193,-0.52924
0.33333,0.20841,-0.97919
0.58333,0.8354,-0.34951
0.33333,0.83571,-0.56855
-0.51165,0.16675,0.87219
0.83333,0.58337,-0.19007
0.21764,0.083425,-0.76899
-0.83333,1,0.13057
0.33333,0.75193,-0.61644
0.083333,0.91668,-0.71903
0,0.58337,-0.0031025
-0.2122,0.1405,0.86437
0.96113,0.66768,-0.032657
0.83333,0.50005,-0.1956
0.77247,0.64803,-0.23134
0.91595,0.70836,-0.084105
-1,0.24179,-0.0027892
0.91595,0.83571,-0.079524
-0.2122,0.37506,0.97095
0.17673,0.3334,-0.99472
0.21764,0.08437,-0.78527
-1,0.0001,-0.0048292
-0.13313,0.12509,0.61563
0.44998,0.50005,-0.64611
-0.2122,0.03146,0.66601
0.24576,0.64803,-0.74447
-0.72062,0.80647,0.24939
-0.58333,0.37506,0.5836
0.21764,0.54171,-0.84566
-0.16667,0.6014,0.85819
-0.16667,0.24179,0.94011
-0.98217,0.75003,0.0021905
-0.33333,0.041763,0.91303
0.44998,0.0001,-0.98792
0.79282,0.83571,-0.17599
-0.58333,0.79169,0.37021
0.28959,0.24179,-0.98912
0.21764,0.83571,-0.66096
-0.5,0.54589,0.55612
0.62984,0.083425,-0.79923
0,0.3334,-0.0011452
0.5,0.64803,-0.49421
-0.2122,0.08437,0.7556
1,0.58518,-0.0015018
0.66667,0.87501,-0.2854
0.33333,0.66768,-0.65974
-0.035539,0.87501,0.78005
-0.5,0.58518,0.54537
-0.72062,0.85737,0.23141
-0.83333,0.20841,0.31328
0.75,0.87501,-0.21123
-0.53781,0.3334,0.67924
-0.13313,0.1405,0.63628
-0.75,0.85737,0.22085
0.66667,0.94317,-0.27197
-0.14208,0.91668,0.6771
-0.92882,0.65046,0.064455
0.96113,1,-0.03367
0.21483,0.95834,-0.60861
-0.92882,0.3334,0.11788
-0.33333,0.66768,0.65379
-0.75,0.97209,0.19496
0.83333,0.095377,-0.4021
-0.80911,0.87501,0.15386
0.91667,0.54171,-0.094582
-0.97181,0.8354,0.023779
-0.92882,0.08437,0.1796
0.75,0.32147,-0.37785
-0.91667,0.75003,0.072445
-0.97965,0.83571,0.011935
1,0.6014,0.0026633
-0.13313,0.3334,0.97929
-0.083333,0.87987,0.7378
0.79282,0.12509,-0.45899
0.91667,0.24179,-0.15364
-0.2122,0.62504,0.79289
-0.51165,0.70836,0.4776
-0.13313,0.59342,0.87493
0,0.87501,0.006471
0.21764,0.54589,-0.83357
-0.66667,0.87987,0.2829
0.24576,0.95834,-0.57073
-0.51165,0.13976,0.9062
-0.66667,0.50005,0.39224
-0.97181,0.75003,0.021516
0.24576,0.095377,-0.85398
0.79282,0.35256,-0.31412
-0.97965,0.50005,0.021751
-0.083333,0.79169,0.79527
-0.53781,0.08437,0.92705
0.66667,0.20841,-0.60278
0.16667,0.041763,-0.55992
0.33333,0.03146,-0.89557
0.96113,0.58518,-0.044394
0.083333,1,-0.67329
-0.16667,0.85737,0.68013
-0.13313,0.62504,0.85039
-0.97965,0.91668,0.018357
0.91595,0.87501,-0.067216
0.83333,0.24179,-0.29704
0.91595,0.041763,-0.22971
-0.51165,0.08437,0.95196
-0.50612,0.03146,0.99551
-0.98217,0.1405,0.034671
-0.97965,0.20841,0.040013
-0.91667,0.95834,0.067197
-0.83333,0.08437,0.41214
-0.2122,0.083425,0.7526
1,0.59342,0.0012482
0.054868,0.94317,-0.73493
0.054868,0.095377,-0.24045
-0.16667,0.6667,0.80517
0.21483,0.62504,-0.79424
0.83333,0.041763,-0.44896
-0.58333,0.58518,0.46101
0.91667,0.3334,-0.11771
-0.80911,0.095377,0.44784
0.25,0.29174,-0.97621
-0.58333,0.62504,0.4345
-0.53781,0.095377,0.91555
-0.16667,0.12509,0.71668
-0.72062,0.45839,0.3453
-0.75,0.94317,0.19263
-0.2122,0.59342,0.80856
0.66667,0.41673,-0.43712
-0.83333,0.70836,0.16306
0.66667,0.16675,-0.63583
-0.41667,0.6667,0.58064
0.79282,0.54171,-0.23737
0.58333,0.37506,-0.58235
0.21764,0.3334,-0.98626
0.21764,0.83335,-0.6593
0.75,0.20841,-0.46447
-0.51165,0.79169,0.42548
0.083333,0.97209,-0.68739
0.41667,0.32147,-0.83286
-0.16667,0.20841,0.88558
-0.91667,0.85737,0.067684
0.5,0.58337,-0.53797
-0.92882,0.58337,0.075236
-0.16667,0.87501,0.68021
0.44998,0.75193,-0.50137
0.58333,0.94317,-0.32878
0.17673,0.041763,-0.59582
0.77247,0.6667,-0.2284
0.75,0.94317,-0.19117
-0.91667,0.87987,0.056679
-0.97965,0.45839,0.026808
-0.75,0.37506,0.35673
0.91667,0.8354,-0.070023
-0.53781,0.65046,0.46727
0.41667,0.58518,-0.62376
0.91667,0.29174,-0.13927
-0.97181,0.041763,0.079619
0.77247,0.24179,-0.39194
-0.58333,0.64803,0.42491
0.054868,1,-0.703
0.96113,0.24179,-0.069807
-0.51165,0.3334,0.71047
-0.25,0.041763,0.77246
0.25,0.54171,-0.80644
-0.51165,0.095377,0.94399
-0.80911,0.12509,0.41743
-0.66667,1,0.26121
0.21764,0.32147,-0.98335
0,0.049858,0.0031258
-0.16667,0.8354,0.70686
0,0.83571,-0.0038258
-0.92882,0.83571,0.060461
-0.14208,0.1405,0.67721
1,0.97209,-0.0046519
-0.14208,0.0001,0.43321
-0.58333,0.13976,0.80521
-0.41667,0.75003,0.53865
-0.53781,0.97209,0.36852
-0.083333,0.8354,0.76144
0.054868,0.54589,-0.96056
1,0.94317,0.0096996
0.44998,0.041763,-1.0038
0.083333,0.13976,-0.43611
-0.58333,0.97209,0.32062
-0.41667,0.43337,0.73799
0.58333,0.0001,-0.9722
-0.75,0.58518,0.26912
-0.2122,0.049858,0.7011
0.75,0.95834,-0.19623
0.91667,0.25007,-0.15574
-0.53781,0.32147,0.67496
-0.66667,0.65046,0.33083
0.96113,0.54171,-0.044974
0.77247,0.59342,-0.2454
0.25,0.095377,-0.85719
-0.75,0.095377,0.56802
0.25,0.85737,-0.63436
0.75,0.50005,-0.29937
0.054868,0.6014,-0.92776
-1,0.75193,-0.00010363
-1,0.041763,-0.0023713
0.28959,0.29174,-0.96907
-0.80911,0.80647,0.18023
-1,0.095377,-0.00089838
-0.75,0.24179,0.43944
0.79282,0.08437,-0.50811
0.054868,0.29174,-0.73386
0.91595,0.6667,-0.089671
-0.083333,0.37506,0.97282
-0.5,0.6014,0.53413
-0.91667,0.59342,0.1058
-0.25,0.75193,0.66811
0.17673,0.095377,-0.69718
-0.92882,0.35256,0.1041
-0.33333,0.35256,0.88386
-0.25,0.54589,0.80701
-0.83333,0.43337,0.22595
-0.80911,0.59342,0.20585
-0.97181,0.64803,0.031837
-0.5,0.35256,0.70668
0.77247,0.12509,-0.50485
-0.80911,0.54171,0.22521
0.91667,0.08437,-0.20693
-0.13313,0.041763,0.45596
0.44998,0.79169,-0.48888
0,0.91668,0.0022969
-0.14208,0.94317,0.66888
0.054868,0.70836,-0.85976
0.79282,0.41673,-0.28956
-0.97181,0.62504,0.034682
0.17673,0.03146,-0.57703
0.83333,0.62504,-0.16518
-0.91667,0.083425,0.20947
0.62984,0.25007,-0.61771
-0.91667,0.37506,0.11776
-0.83333,0.80647,0.14279
-0.14208,0.70836,0.78925
0.77247,0.041763,-0.60155
-0.98217,0.049858,0.043547
0.77247,0.94317,-0.17286
0.21764,0.13976,-0.87385
0.5,0.66768,-0.49852
1,0.6667,0.0090941
0.58333,0.16675,-0.78327
-0.98217,0.66768,0.016867
-0.53781,0.75193,0.43062
0,0.75003,0.0011644
0,0.24179,0.0027013
-0.2122,0.79169,0.68487
-0.75,0.54589,0.28602
0.083333,0.29174,-0.83683
-0.72062,0.75003,0.27183
0.21483,0.1405,-0.8663
-0.75,0.45839,0.31419
0.054868,0.37506,-0.94115
0.91667,0.83571,-0.075419
0.083333,0.25007,-0.73287
0.17673,0.54589,-0.88718
0.62984,0.70836,-0.36622
0.91667,0.87987,-0.069569
-0.083333,0.65046,0.87277
-0.53781,0.50005,0.55811
-0.53781,0.54589,0.51233
0.054868,0.43337,-0.98843
-0.16667,0.095377,0.66018
-0.97181,0.70836,0.030132
0.96113,0.70836,-0.04035
-0.13313,0.79169,0.74387
0.054868,0.8354,-0.79724
0.83333,0.3334,-0.25648
1,0.13976,0.0027418
0.77247,0.75193,-0.21236
0.66667,0.50005,-0.40966
0.66667,0.0001,-0.86031
-0.51165,0.50005,0.58406
-0.51165,0.43337,0.62493
0.79282,0.25007,-0.35846
-0.98217,0.41673,0.024627
-0.53781,1,0.34911
0.66667,0.095377,-0.7297
-0.97965,0.35256,0.028159
-0.80911,0.75003,0.18729
0.21764,0.1405,-0.87824
-0.72062,0.35256,0.4075
-0.14208,0.095377,0.57381
0.91595,0.1405,-0.18597
0.083333,0.62504,-0.90269
-0.14208,0.45839,0.96428
-0.92882,0.91668,0.057963
0.77247,0.75003,-0.21277
-0.50612,0.97209,0.38007
-0.13313,0.20841,0.79621
-0.41667,0.65046,0.58485
0.33333,0.70836,-0.62592
-0.92882,0.54171,0.082148
-0.66667,0.6014,0.36167
0.25,0.97209,-0.56682
-0.51165,0.29174,0.75281
1,0.87501,-0.0031239
0.25,0.37506,-0.94461
-0.16667,0.58518,0.85834
0.44998,0.94317,-0.43683
-0.58333,1,0.32098
0.91595,0.59342,-0.098197
0.44998,0.66768,-0.53963
-0.41667,0.45839,0.7241
-0.66667,0.16675,0.64025
-0.92882,0.0001,0.2286
0.28959,0.83335,-0.5998
-1,0.64803,0.00067536
0,0.54589,-0.0013896
-0.2122,0.70836,0.73491
0.21483,0.041763,-0.68689
0.91667,0.80647,-0.077693
-0.50612,0.6667,0.48919
0.91595,0.32147,-0.11281
0.58333,0.6014,-0.43688
0.83333,0.6667,-0.16221
0.33333,0.08437,-0.95576
-0.50612,0.66768,0.49213
0.33333,0.87987,-0.55667
0.62984,0.45839,-0.46854
-0.97965,0.16675,0.046307
-0.97181,0.85737,0.027847
-0.72062,0.24179,0.49457
0.17673,0.41673,-0.95385
-0.66667,0.66768,0.33776
0,0.32147,-0.0032217
0.77247,0.80647,-0.20312
-0.80911,0.91668,0.15709
0.91667,0.13976,-0.18359
-0.83333,0.3334,0.2511
-0.5,0.91668,0.40946
-0.16667,0.75003,0.74716
0.58333,0.049858,-0.92678
-0.50612,0.79169,0.42659
0.91595,0.25007,-0.14577
-0.53781,0.12509,0.88657
0.33333,0.8354,-0.5687
0.28959,0.94317,-0.55417
0.083333,0.75003,-0.81287
0.083333,0.83571,-0.76817
0.41667,0.50005,-0.68342
-0.14208,0.08437,0.54518
-0.083333,0.66768,0.85993
0.66667,0.041763,-0.80963
-0.083333,0.59342,0.91494
0.21764,0.12509,-0.84427
-0.66667,0.59342,0.36914
0.28959,0.50005,-0.80124
-0.83333,0.083425,0.40726
-0.91667,0.29174,0.13121
-0.97965,0.94317,0.019219
-0.5,0.80647,0.44638
0.44998,0.6667,-0.53993
-0.14208,0.29174,0.95899
-0.72062,0.83335,0.23291
-0.41667,0.87987,0.47264
0.91595,0.75003,-0.08062
-0.72062,0.083425,0.6517
-1,0.66768,-0.0034417
-0.2122,0.83571,0.65419
-0.2122,0.65046,0.78087
-1,0.80647,-0.0026426
0.96113,0.12509,-0.081574
0.24576,0.32147,-0.9719
0.24576,1,-0.56987
-0.80911,0.041763,0.50794
-0.80911,0.85737,0.16578
0.054868,0.6667,-0.89071
0.41667,0.91668,-0.47042
1,0.45839,0.0018705
0.083333,0.58337,-0.92571
0.28959,0.16675,-0.98779
-0.51165,0.66768,0.49468
0.75,0.83335,-0.21815
-0.5,0.08437,0.96772
-0.083333,0.45839,0.97899
-0.25,0.083425,0.83318
0.75,0.095377,-0.57701
0.41667,0.03146,-0.98881
0.75,0.35256,-0.36626
-0.66667,0.13976,0.67583
-0.98217,0.50005,0.027635
0.66667,0.43337,-0.44778
-0.083333,0.62504,0.89532
-0.83333,0.6014,0.17734
-0.92882,0.87501,0.065154
0.77247,0.43337,-0.29952
-0.83333,0.83335,0.15381
-0.33333,0.75003,0.60612
-0.72062,0.8354,0.23913
0.91667,0.0001,-0.25596
-0.80911,0.6667,0.19912
1,0.20841,-0.0070535
-0.80911,0.62504,0.18594
-0.97181,0.6667,0.027439
0.28959,0.08437,-0.90905
-0.66667,0.041763,0.81622
0.79282,0.87987,-0.17386
0.054868,0.083425,-0.22913
-0.50612,0.25007,0.79929
-0.97965,0.70836,0.016171
1,0.70836,-0.005921
-0.98217,0.64803,0.017067
-0.33333,0.75193,0.59713
-0.51165,0.41673,0.64154
0.79282,0.65046,-0.21888
-0.083333,0.3334,0.91954
0.44998,0.87987,-0.45304
-0.72062,0.20841,0.51613
0.17673,0.85737,-0.68097
-0.97181,0.79169,0.02844
-0.75,0.41673,0.34071
0.16667,0.95834,-0.63345
-0.91667,0.049858,0.22319
-0.5,0.83571,0.42984
0.33333,0.59342,-0.70504
0.28959,0.0001,-0.78072
0.5,0.24179,-0.81581
-1,0.45839,-0.0067302
-0.98217,0.3334,0.023632
-0.98217,0.45839,0.018846
0.77247,0.08437,-0.54736
0.62984,0.58518,-0.41187
0.58333,0.13976,-0.8019
-0.13313,0.97209,0.65553
0.91667,0.83335,-0.077589
0.25,0.049858,-0.78112
0.24576,0.91668,-0.60353
0.5,0.43337,-0.63079
0.25,0.8354,-0.63526
0,0.0001,-0.0044884
-0.58333,0.75003,0.39372
0.66667,0.083425,-0.75327
0.28959,0.03146,-0.83644
-0.91667,0.1405,0.18479
-0.2122,0.6014,0.8083
0.16667,0.0001,-0.50389
-0.83333,0.03146,0.44743
0.5,0.3334,-0.72714
0.58333,0.45839,-0.51957
0.21483,0.54171,-0.84074
-0.14208,0.03146,0.47427
0.79282,0.049858,-0.53085
0.24576,0.87987,-0.61317
0,0.87987,0.0084802
0.17673,0.16675,-0.82115
-0.33333,0.24179,0.96742
0.91667,0.20841,-0.15731
0.28959,0.32147,-0.9452
-0.80911,0.32147,0.30284
0.16667,0.049858,-0.57395
1,0.37506,-0.0030063
0.91595,0.049858,-0.22648
-0.98217,0.62504,0.011074
0.62984,0.3334,-0.55343
-0.58333,0.16675,0.77534
1,0.32147,0.0010645
0.91667,0.91668,-0.068759
-0.51165,0.54589,0.55802
-0.14208,1,0.63717
-0.92882,0.75193,0.059735
0.41667,0.85737,-0.48642
-0.16667,0.87987,0.66983
-0.14208,0.58337,0.87811
0.16667,0.79169,-0.70917
0.96113,0.59342,-0.045091
0.16667,0.3334,-0.9881
-0.72062,0.87501,0.23975
-0.97965,0.3334,0.025225
0.33333,0.0001,-0.85885
0.33333,0.12509,-0.98902
-0.16667,0.083425,0.6392
0.77247,0.83335,-0.19991
0.79282,1,-0.1466
-0.97181,0.1405,0.068243
-0.97181,0.20841,0.049362
-0.50612,0.80647,0.44449
-0.75,0.58337,0.27368
1,0.0001,0.00471
0.66667,0.6667,-0.3344
0.62984,0.87987,-0.30696
-1,0.58518,0.01186
0.44998,0.08437,-1.0008
0.21764,0.75193,-0.71413
0.21483,0.65046,-0.76616
0.17673,0.049858,-0.6166
0.28959,0.75003,-0.64122
0.28959,0.64803,-0.69899
0.79282,0.16675,-0.42608
-0.50612,0.58337,0.53545
0.5,0.29174,-0.76515
-0.97181,0.049858,0.08185
-0.66667,0.97209,0.25339
0.79282,0.43337,-0.26872
0.33333,0.58518,-0.71183
0.41667,0.59342,-0.61431
-0.2122,0.45839,0.91224
-0.51165,0.32147,0.71185
0.41667,0.37506,-0.79035
0.58333,0.50005,-0.49822
0.17673,0.91668,-0.66131
0.41667,0.29174,-0.85409
0.5,0.50005,-0.58412
-0.16667,0.97209,0.63499
-0.083333,0.24179,0.6964
0.96113,0.095377,-0.092293
0.66667,0.80647,-0.28138
0.75,0.64803,-0.24979
-1,0.54589,0.0031871
-0.13313,0.87987,0.70597
-0.33333,0.85737,0.56424
0.75,0.58518,-0.27364
0.33333,0.3334,-0.90536
-0.75,0.59342,0.27075
0.5,0.25007,-0.80218
0.44998,0.80647,-0.48319
0.25,0.54589,-0.81754
0.77247,0.95834,-0.18307
-0.083333,0.13976,0.43746
0.96113,0.20841,-0.076886
0.17673,0.8354,-0.69676
0.21483,0.24179,-0.98809
-0.083333,0.64803,0.87011
-0.16667,0.16675,0.80842
-0.58333,0.87987,0.34294
0.5,0.083425,-0.96214
0.58333,0.59342,-0.44281
0.66667,0.83335,-0.28923
0.83333,0.75193,-0.15097
-0.72062,0.13976,0.5981
-0.98217,0.83571,0.013461
0.24576,0.083425,-0.83119
0.21764,1,-0.58419
-0.14208,0.049858,0.50655
-0.75,0.08437,0.58524
-0.53781,0.83335,0.39484
0.24576,0.041763,-0.76092
-0.97181,0.12509,0.063282
-0.25,0.64803,0.73793
0.62984,0.59342,-0.41353
0.25,0.3334,-0.97437
0.96113,0.80647,-0.037646
-0.92882,0.59342,0.082469
